,choice-1,choice-2,choice-3,choice-4,choice-5
zone-001,MP-305,MP-26,MP-1,MP-25,MP-24
zone-002,MP-305,MP-1,MP-26,MP-25,MP-24
zone-003,MP-305,MP-24,MP-25,MP-26,MP-1
zone-004,MP-305,MP-25,MP-26,MP-24,MP-1
zone-005,MP-305,MP-26,MP-25,MP-1,MP-24
zone-006,MP-26,MP-1,MP-25,MP-305,MP-24
zone-007,MP-26,MP-1,MP-25,MP-305,MP-24
zone-008,MP-1,MP-26,MP-25,MP-2,MP-24
zone-009,MP-1,MP-26,MP-25,MP-2,MP-24
zone-010,MP-305,MP-25,MP-24,MP-26,MP-1
zone-011,MP-305,MP-25,MP-26,MP-24,MP-1
zone-012,MP-26,MP-1,MP-25,MP-305,MP-24
zone-013,MP-1,MP-26,MP-25,MP-24,MP-305
zone-014,MP-1,MP-26,MP-25,MP-2,MP-20
zone-015,MP-305,MP-24,MP-201,MP-25,MP-200
zone-016,MP-305,MP-24,MP-25,MP-23,MP-26
zone-017,MP-305,MP-25,MP-24,MP-26,MP-23
zone-018,MP-25,MP-26,MP-24,MP-23,MP-305
zone-019,MP-26,MP-25,MP-1,MP-23,MP-24
zone-020,MP-26,MP-1,MP-20,MP-2,MP-19
zone-021,MP-305,MP-24,MP-201,MP-25,MP-200
zone-022,MP-305,MP-24,MP-201,MP-25,MP-23
zone-023,MP-24,MP-305,MP-23,MP-25,MP-201
zone-024,MP-23,MP-24,MP-25,MP-22,MP-26
zone-025,MP-23,MP-25,MP-22,MP-20,MP-24
zone-026,MP-20,MP-19,MP-18,MP-22,MP-23
zone-027,MP-20,MP-19,MP-18,MP-17,MP-21
zone-028,MP-4,MP-304,MP-3,MP-5,MP-6
zone-029,MP-201,MP-24,MP-200,MP-23,MP-305
zone-030,MP-23,MP-24,MP-201,MP-22,MP-200
zone-031,MP-23,MP-22,MP-24,MP-21,MP-25
zone-032,MP-22,MP-23,MP-21,MP-20,MP-19
zone-033,MP-20,MP-19,MP-21,MP-18,MP-22
zone-034,MP-19,MP-18,MP-20,MP-17,MP-21
zone-035,MP-18,MP-17,MP-19,MP-20,MP-16
zone-036,MP-304,MP-4,MP-3,MP-16,MP-15
zone-037,MP-4,MP-304,MP-5,MP-6,MP-3
zone-038,MP-5,MP-4,MP-6,MP-304,MP-7
zone-039,MP-200,MP-201,MP-199,MP-198,MP-195
zone-040,MP-201,MP-200,MP-199,MP-198,MP-23
zone-041,MP-201,MP-23,MP-200,MP-22,MP-199
zone-042,MP-22,MP-23,MP-202,MP-21,MP-199
zone-043,MP-22,MP-21,MP-202,MP-23,MP-20
zone-044,MP-21,MP-202,MP-19,MP-18,MP-22
zone-045,MP-18,MP-17,MP-19,MP-21,MP-20
zone-046,MP-17,MP-16,MP-18,MP-19,MP-15
zone-047,MP-16,MP-304,MP-15,MP-17,MP-14
zone-048,MP-304,MP-15,MP-4,MP-6,MP-16
zone-049,MP-304,MP-6,MP-7,MP-5,MP-27
zone-050,MP-5,MP-6,MP-7,MP-27,MP-303
zone-051,MP-5,MP-303,MP-6,MP-27,MP-7
zone-052,MP-199,MP-198,MP-200,MP-201,MP-196
zone-053,MP-199,MP-198,MP-200,MP-201,MP-196
zone-054,MP-202,MP-22,MP-21,MP-203,MP-197
zone-055,MP-202,MP-21,MP-22,MP-203,MP-197
zone-056,MP-202,MP-21,MP-22,MP-18,MP-17
zone-057,MP-17,MP-16,MP-21,MP-202,MP-18
zone-058,MP-16,MP-17,MP-15,MP-14,MP-13
zone-059,MP-15,MP-16,MP-14,MP-304,MP-17
zone-060,MP-15,MP-7,MP-304,MP-8,MP-6
zone-061,MP-6,MP-7,MP-27,MP-8,MP-304
zone-062,MP-6,MP-27,MP-7,MP-5,MP-303
zone-063,MP-303,MP-5,MP-6,MP-27,MP-7
zone-064,MP-303,MP-306,MP-5,MP-6,MP-27
zone-065,MP-203,MP-197,MP-196,MP-188,MP-202
zone-066,MP-202,MP-203,MP-188,MP-21,MP-197
zone-067,MP-202,MP-203,MP-21,MP-13,MP-14
zone-068,MP-13,MP-14,MP-12,MP-16,MP-202
zone-069,MP-14,MP-13,MP-15,MP-12,MP-16
zone-070,MP-15,MP-14,MP-12,MP-13,MP-16
zone-071,MP-8,MP-15,MP-7,MP-9,MP-27
zone-072,MP-7,MP-27,MP-8,MP-6,MP-9
zone-073,MP-27,MP-7,MP-6,MP-8,MP-303
zone-074,MP-27,MP-303,MP-6,MP-7,MP-28
zone-075,MP-306,MP-303,MP-28,MP-29,MP-27
zone-076,MP-306,MP-303,MP-28,MP-29,MP-5
zone-077,MP-203,MP-188,MP-197,MP-196,MP-192
zone-078,MP-203,MP-188,MP-197,MP-189,MP-202
zone-079,MP-204,MP-203,MP-13,MP-189,MP-188
zone-080,MP-13,MP-204,MP-12,MP-14,MP-11
zone-081,MP-13,MP-12,MP-14,MP-11,MP-204
zone-082,MP-12,MP-11,MP-13,MP-9,MP-14
zone-083,MP-9,MP-8,MP-11,MP-12,MP-10
zone-084,MP-8,MP-9,MP-27,MP-7,MP-6
zone-085,MP-27,MP-8,MP-7,MP-9,MP-28
zone-086,MP-28,MP-31,MP-27,MP-29,MP-303
zone-087,MP-28,MP-306,MP-29,MP-303,MP-31
zone-088,MP-306,MP-28,MP-29,MP-303,MP-46
zone-089,MP-306,MP-29,MP-28,MP-46,MP-47
zone-090,MP-48,MP-55,MP-47,MP-60,MP-49
zone-091,MP-60,MP-48,MP-55,MP-59,MP-49
zone-092,MP-59,MP-61,MP-60,MP-62,MP-58
zone-093,MP-61,MP-59,MP-60,MP-62,MP-65
zone-094,MP-61,MP-65,MP-66,MP-59,MP-62
zone-095,MP-61,MP-65,MP-66,MP-71,MP-72
zone-096,MP-65,MP-66,MP-71,MP-72,MP-61
zone-097,MP-188,MP-187,MP-203,MP-189,MP-197
zone-098,MP-188,MP-189,MP-203,MP-187,MP-190
zone-099,MP-189,MP-204,MP-190,MP-188,MP-203
zone-100,MP-204,MP-13,MP-189,MP-12,MP-190
zone-101,MP-204,MP-11,MP-12,MP-13,MP-10
zone-102,MP-11,MP-10,MP-12,MP-9,MP-13
zone-103,MP-9,MP-10,MP-11,MP-8,MP-12
zone-104,MP-9,MP-8,MP-10,MP-31,MP-11
zone-105,MP-31,MP-28,MP-9,MP-8,MP-27
zone-106,MP-28,MP-31,MP-29,MP-30,MP-27
zone-107,MP-28,MP-29,MP-31,MP-30,MP-306
zone-108,MP-29,MP-28,MP-306,MP-30,MP-36
zone-109,MP-29,MP-46,MP-306,MP-47,MP-36
zone-110,MP-46,MP-47,MP-36,MP-29,MP-48
zone-111,MP-48,MP-47,MP-46,MP-55,MP-50
zone-112,MP-48,MP-47,MP-49,MP-50,MP-46
zone-113,MP-60,MP-49,MP-48,MP-50,MP-59
zone-114,MP-60,MP-49,MP-59,MP-50,MP-64
zone-115,MP-60,MP-59,MP-49,MP-62,MP-61
zone-116,MP-60,MP-59,MP-61,MP-62,MP-49
zone-117,MP-61,MP-62,MP-59,MP-60,MP-66
zone-118,MP-61,MP-65,MP-66,MP-62,MP-59
zone-119,MP-66,MP-65,MP-61,MP-67,MP-72
zone-120,MP-66,MP-65,MP-72,MP-71,MP-67
zone-121,MP-72,MP-66,MP-71,MP-65,MP-73
zone-122,MP-72,MP-71,MP-66,MP-73,MP-65
zone-123,MP-187,MP-192,MP-193,MP-172,MP-188
zone-124,MP-187,MP-189,MP-188,MP-192,MP-172
zone-125,MP-189,MP-190,MP-187,MP-191,MP-188
zone-126,MP-189,MP-190,MP-204,MP-191,MP-208
zone-127,MP-190,MP-204,MP-208,MP-189,MP-206
zone-128,MP-205,MP-206,MP-11,MP-10,MP-204
zone-129,MP-205,MP-10,MP-11,MP-206,MP-207
zone-130,MP-10,MP-205,MP-11,MP-9,MP-206
zone-131,MP-31,MP-10,MP-9,MP-11,MP-205
zone-132,MP-31,MP-30,MP-28,MP-35,MP-34
zone-133,MP-31,MP-30,MP-28,MP-29,MP-35
zone-134,MP-29,MP-30,MP-28,MP-31,MP-35
zone-135,MP-29,MP-36,MP-30,MP-28,MP-32
zone-136,MP-36,MP-29,MP-46,MP-47,MP-32
zone-137,MP-46,MP-36,MP-47,MP-29,MP-48
zone-138,MP-46,MP-47,MP-36,MP-48,MP-50
zone-139,MP-47,MP-46,MP-50,MP-48,MP-49
zone-140,MP-50,MP-49,MP-47,MP-60,MP-48
zone-141,MP-49,MP-50,MP-60,MP-51,MP-47
zone-142,MP-60,MP-49,MP-50,MP-64,MP-59
zone-143,MP-60,MP-49,MP-64,MP-62,MP-50
zone-144,MP-62,MP-60,MP-64,MP-63,MP-49
zone-145,MP-62,MP-61,MP-60,MP-64,MP-63
zone-146,MP-62,MP-66,MP-61,MP-67,MP-65
zone-147,MP-66,MP-65,MP-67,MP-61,MP-72
zone-148,MP-66,MP-67,MP-65,MP-72,MP-73
zone-149,MP-66,MP-72,MP-73,MP-67,MP-65
zone-150,MP-72,MP-73,MP-66,MP-71,MP-67
zone-151,MP-73,MP-72,MP-71,MP-66,MP-74
zone-152,MP-172,MP-310,MP-192,MP-187,MP-193
zone-153,MP-172,MP-187,MP-192,MP-193,MP-310
zone-154,MP-187,MP-172,MP-191,MP-173,MP-189
zone-155,MP-191,MP-190,MP-173,MP-187,MP-189
zone-156,MP-190,MP-191,MP-208,MP-189,MP-173
zone-157,MP-208,MP-190,MP-207,MP-177,MP-176
zone-158,MP-206,MP-207,MP-205,MP-177,MP-208
zone-159,MP-206,MP-205,MP-207,MP-177,MP-10
zone-160,MP-205,MP-206,MP-10,MP-207,MP-11
zone-161,MP-31,MP-34,MP-35,MP-10,MP-205
zone-162,MP-31,MP-35,MP-34,MP-30,MP-28
zone-163,MP-30,MP-31,MP-35,MP-34,MP-29
zone-164,MP-30,MP-29,MP-31,MP-35,MP-32
zone-165,MP-36,MP-29,MP-32,MP-30,MP-33
zone-166,MP-36,MP-29,MP-32,MP-46,MP-30
zone-167,MP-36,MP-46,MP-47,MP-32,MP-29
zone-168,MP-46,MP-36,MP-47,MP-37,MP-50
zone-169,MP-50,MP-46,MP-37,MP-47,MP-36
zone-170,MP-50,MP-49,MP-307,MP-60,MP-47
zone-171,MP-50,MP-49,MP-51,MP-60,MP-64
zone-172,MP-49,MP-50,MP-51,MP-64,MP-60
zone-173,MP-64,MP-49,MP-51,MP-60,MP-62
zone-174,MP-62,MP-64,MP-63,MP-51,MP-60
zone-175,MP-62,MP-63,MP-70,MP-64,MP-69
zone-176,MP-62,MP-70,MP-67,MP-69,MP-66
zone-177,MP-67,MP-73,MP-66,MP-68,MP-74
zone-178,MP-73,MP-72,MP-74,MP-67,MP-66
zone-179,MP-310,MP-171,MP-172,MP-170,MP-187
zone-180,MP-172,MP-187,MP-171,MP-173,MP-310
zone-181,MP-172,MP-173,MP-171,MP-191,MP-187
zone-182,MP-173,MP-191,MP-172,MP-311,MP-187
zone-183,MP-191,MP-208,MP-175,MP-173,MP-174
zone-184,MP-208,MP-176,MP-175,MP-177,MP-207
zone-185,MP-207,MP-177,MP-176,MP-206,MP-208
zone-186,MP-207,MP-206,MP-177,MP-176,MP-205
zone-187,MP-178,MP-213,MP-179,MP-206,MP-207
zone-188,MP-34,MP-178,MP-35,MP-213,MP-179
zone-189,MP-34,MP-35,MP-30,MP-31,MP-213
zone-190,MP-35,MP-34,MP-30,MP-31,MP-33
zone-191,MP-30,MP-35,MP-32,MP-33,MP-34
zone-192,MP-32,MP-36,MP-33,MP-30,MP-209
zone-193,MP-32,MP-36,MP-33,MP-209,MP-30
zone-194,MP-36,MP-32,MP-37,MP-46,MP-45
zone-195,MP-37,MP-36,MP-45,MP-46,MP-32
zone-196,MP-37,MP-50,MP-307,MP-46,MP-36
zone-197,MP-50,MP-307,MP-37,MP-49,MP-51
zone-198,MP-50,MP-307,MP-51,MP-49,MP-64
zone-199,MP-51,MP-64,MP-50,MP-49,MP-307
zone-200,MP-64,MP-51,MP-63,MP-52,MP-62
zone-201,MP-63,MP-64,MP-62,MP-52,MP-51
zone-202,MP-62,MP-70,MP-63,MP-69,MP-64
zone-203,MP-70,MP-69,MP-62,MP-63,MP-67
zone-204,MP-69,MP-70,MP-67,MP-68,MP-62
zone-205,MP-68,MP-67,MP-74,MP-76,MP-73
zone-206,MP-74,MP-73,MP-67,MP-68,MP-75
zone-207,MP-74,MP-73,MP-75,MP-67,MP-68
zone-208,MP-310,MP-171,MP-172,MP-170,MP-311
zone-209,MP-171,MP-310,MP-172,MP-170,MP-311
zone-210,MP-171,MP-311,MP-173,MP-172,MP-174
zone-211,MP-311,MP-173,MP-174,MP-191,MP-171
zone-212,MP-174,MP-175,MP-173,MP-311,MP-191
zone-213,MP-175,MP-174,MP-176,MP-177,MP-208
zone-214,MP-176,MP-177,MP-175,MP-207,MP-208
zone-215,MP-178,MP-179,MP-177,MP-176,MP-207
zone-216,MP-178,MP-213,MP-179,MP-34,MP-35
zone-217,MP-178,MP-213,MP-179,MP-34,MP-35
zone-218,MP-34,MP-35,MP-213,MP-212,MP-178
zone-219,MP-34,MP-35,MP-209,MP-33,MP-210
zone-220,MP-33,MP-209,MP-32,MP-35,MP-34
zone-221,MP-32,MP-33,MP-209,MP-36,MP-217
zone-222,MP-32,MP-33,MP-36,MP-209,MP-45
zone-223,MP-45,MP-37,MP-32,MP-36,MP-33
zone-224,MP-37,MP-45,MP-36,MP-32,MP-44
zone-225,MP-37,MP-45,MP-307,MP-44,MP-50
zone-226,MP-307,MP-37,MP-50,MP-51,MP-53
zone-227,MP-307,MP-51,MP-50,MP-53,MP-37
zone-228,MP-51,MP-52,MP-307,MP-64,MP-53
zone-229,MP-51,MP-52,MP-64,MP-63,MP-53
zone-230,MP-52,MP-63,MP-64,MP-70,MP-51
zone-231,MP-70,MP-63,MP-69,MP-52,MP-64
zone-232,MP-69,MP-70,MP-322,MP-63,MP-68
zone-233,MP-69,MP-68,MP-70,MP-76,MP-322
zone-234,MP-68,MP-76,MP-69,MP-67,MP-74
zone-235,MP-74,MP-68,MP-75,MP-76,MP-67
zone-236,MP-74,MP-75,MP-68,MP-76,MP-73
zone-237,MP-74,MP-75,MP-73,MP-68,MP-67
zone-238,MP-171,MP-170,MP-310,MP-172,MP-311
zone-239,MP-170,MP-171,MP-311,MP-310,MP-312
zone-240,MP-311,MP-171,MP-170,MP-312,MP-173
zone-241,MP-311,MP-174,MP-173,MP-312,MP-171
zone-242,MP-174,MP-311,MP-175,MP-173,MP-312
zone-243,MP-174,MP-175,MP-176,MP-177,MP-311
zone-244,MP-175,MP-176,MP-179,MP-174,MP-177
zone-245,MP-179,MP-178,MP-213,MP-176,MP-177
zone-246,MP-179,MP-178,MP-213,MP-212,MP-180
zone-247,MP-213,MP-178,MP-179,MP-212,MP-34
zone-248,MP-212,MP-213,MP-210,MP-211,MP-34
zone-249,MP-210,MP-211,MP-209,MP-212,MP-217
zone-250,MP-209,MP-33,MP-210,MP-217,MP-211
zone-251,MP-33,MP-209,MP-217,MP-32,MP-210
zone-252,MP-32,MP-33,MP-45,MP-209,MP-216
zone-253,MP-45,MP-37,MP-44,MP-216,MP-215
zone-254,MP-45,MP-37,MP-44,MP-307,MP-32
zone-255,MP-37,MP-45,MP-44,MP-307,MP-38
zone-256,MP-307,MP-37,MP-44,MP-38,MP-53
zone-257,MP-307,MP-53,MP-38,MP-51,MP-37
zone-258,MP-53,MP-307,MP-52,MP-51,MP-38
zone-259,MP-52,MP-53,MP-51,MP-63,MP-307
zone-260,MP-52,MP-63,MP-70,MP-51,MP-323
zone-261,MP-70,MP-323,MP-69,MP-322,MP-52
zone-262,MP-69,MP-322,MP-70,MP-323,MP-76
zone-263,MP-322,MP-69,MP-76,MP-68,MP-70
zone-264,MP-76,MP-68,MP-322,MP-69,MP-77
zone-265,MP-76,MP-75,MP-68,MP-74,MP-77
zone-266,MP-75,MP-74,MP-76,MP-68,MP-77
zone-267,MP-170,MP-171,MP-167,MP-312,MP-311
zone-268,MP-170,MP-312,MP-167,MP-311,MP-171
zone-269,MP-312,MP-311,MP-174,MP-170,MP-167
zone-270,MP-312,MP-174,MP-311,MP-186,MP-175
zone-271,MP-174,MP-186,MP-175,MP-312,MP-185
zone-272,MP-179,MP-180,MP-175,MP-178,MP-174
zone-273,MP-179,MP-180,MP-178,MP-213,MP-182
zone-274,MP-179,MP-213,MP-178,MP-180,MP-212
zone-275,MP-213,MP-212,MP-179,MP-178,MP-300
zone-276,MP-212,MP-300,MP-211,MP-210,MP-294
zone-277,MP-211,MP-210,MP-212,MP-300,MP-217
zone-278,MP-217,MP-210,MP-211,MP-209,MP-300
zone-279,MP-217,MP-209,MP-216,MP-210,MP-33
zone-280,MP-216,MP-215,MP-45,MP-217,MP-33
zone-281,MP-45,MP-215,MP-44,MP-216,MP-37
zone-282,MP-45,MP-44,MP-37,MP-215,MP-214
zone-283,MP-44,MP-45,MP-37,MP-43,MP-38
zone-284,MP-44,MP-307,MP-38,MP-37,MP-43
zone-285,MP-38,MP-53,MP-307,MP-39,MP-43
zone-286,MP-53,MP-38,MP-39,MP-40,MP-307
zone-287,MP-53,MP-54,MP-39,MP-40,MP-52
zone-288,MP-54,MP-323,MP-52,MP-53,MP-40
zone-289,MP-323,MP-322,MP-54,MP-70,MP-52
zone-290,MP-322,MP-323,MP-69,MP-321,MP-70
zone-291,MP-322,MP-76,MP-323,MP-321,MP-319
zone-292,MP-76,MP-77,MP-319,MP-322,MP-318
zone-293,MP-167,MP-166,MP-169,MP-170,MP-165
zone-294,MP-167,MP-170,MP-312,MP-168,MP-171
zone-295,MP-312,MP-167,MP-170,MP-168,MP-186
zone-296,MP-312,MP-186,MP-167,MP-170,MP-311
zone-297,MP-186,MP-312,MP-185,MP-174,MP-311
zone-298,MP-186,MP-185,MP-183,MP-182,MP-312
zone-299,MP-185,MP-183,MP-182,MP-186,MP-180
zone-300,MP-180,MP-182,MP-181,MP-183,MP-316
zone-301,MP-180,MP-181,MP-182,MP-316,MP-179
zone-302,MP-294,MP-180,MP-212,MP-300,MP-213
zone-303,MP-294,MP-300,MP-212,MP-211,MP-295
zone-304,MP-300,MP-211,MP-294,MP-295,MP-217
zone-305,MP-217,MP-295,MP-300,MP-211,MP-296
zone-306,MP-216,MP-215,MP-217,MP-296,MP-295
zone-307,MP-215,MP-216,MP-214,MP-217,MP-45
zone-308,MP-215,MP-214,MP-216,MP-45,MP-44
zone-309,MP-44,MP-45,MP-214,MP-215,MP-43
zone-310,MP-44,MP-43,MP-45,MP-38,MP-214
zone-311,MP-43,MP-38,MP-44,MP-39,MP-40
zone-312,MP-38,MP-43,MP-39,MP-40,MP-53
zone-313,MP-39,MP-38,MP-40,MP-53,MP-41
zone-314,MP-40,MP-54,MP-41,MP-39,MP-53
zone-315,MP-54,MP-41,MP-40,MP-323,MP-308
zone-316,MP-323,MP-322,MP-54,MP-308,MP-321
zone-317,MP-323,MP-322,MP-321,MP-308,MP-320
zone-318,MP-321,MP-320,MP-319,MP-322,MP-323
zone-319,MP-319,MP-77,MP-318,MP-321,MP-320
zone-320,MP-166,MP-169,MP-165,MP-167,MP-164
zone-321,MP-167,MP-169,MP-165,MP-166,MP-168
zone-322,MP-167,MP-168,MP-312,MP-169,MP-170
zone-323,MP-168,MP-167,MP-312,MP-186,MP-170
zone-324,MP-186,MP-168,MP-312,MP-167,MP-185
zone-325,MP-186,MP-185,MP-168,MP-312,MP-183
zone-326,MP-186,MP-185,MP-183,MP-182,MP-184
zone-327,MP-182,MP-183,MP-180,MP-185,MP-184
zone-328,MP-180,MP-182,MP-181,MP-183,MP-316
zone-329,MP-180,MP-181,MP-316,MP-182,MP-183
zone-330,MP-292,MP-293,MP-180,MP-294,MP-181
zone-331,MP-294,MP-300,MP-293,MP-295,MP-292
zone-332,MP-295,MP-294,MP-296,MP-300,MP-297
zone-333,MP-296,MP-295,MP-297,MP-216,MP-294
zone-334,MP-297,MP-215,MP-296,MP-216,MP-295
zone-335,MP-215,MP-214,MP-216,MP-297,MP-221
zone-336,MP-214,MP-215,MP-216,MP-221,MP-314
zone-337,MP-214,MP-44,MP-314,MP-215,MP-43
zone-338,MP-44,MP-43,MP-214,MP-314,MP-38
zone-339,MP-43,MP-44,MP-38,MP-39,MP-42
zone-340,MP-43,MP-39,MP-38,MP-40,MP-42
zone-341,MP-39,MP-40,MP-41,MP-42,MP-38
zone-342,MP-41,MP-40,MP-54,MP-39,MP-42
zone-343,MP-54,MP-41,MP-40,MP-308,MP-39
zone-344,MP-308,MP-54,MP-323,MP-41,MP-321
zone-345,MP-321,MP-308,MP-320,MP-323,MP-322
zone-346,MP-321,MP-320,MP-319,MP-318,MP-322
zone-347,MP-319,MP-320,MP-321,MP-318,MP-77
zone-348,MP-78,MP-318,MP-77,MP-79,MP-319
zone-349,MP-164,MP-165,MP-163,MP-169,MP-166
zone-350,MP-169,MP-165,MP-164,MP-168,MP-163
zone-351,MP-168,MP-169,MP-165,MP-167,MP-287
zone-352,MP-168,MP-169,MP-287,MP-167,MP-186
zone-353,MP-168,MP-186,MP-287,MP-185,MP-312
zone-354,MP-186,MP-185,MP-168,MP-312,MP-183
zone-355,MP-185,MP-184,MP-183,MP-186,MP-182
zone-356,MP-184,MP-183,MP-185,MP-182,MP-316
zone-357,MP-316,MP-288,MP-181,MP-184,MP-182
zone-358,MP-316,MP-181,MP-288,MP-289,MP-292
zone-359,MP-292,MP-293,MP-181,MP-316,MP-180
zone-360,MP-293,MP-292,MP-294,MP-295,MP-296
zone-361,MP-295,MP-296,MP-293,MP-294,MP-297
zone-362,MP-297,MP-296,MP-295,MP-221,MP-294
zone-363,MP-297,MP-221,MP-296,MP-295,MP-215
zone-364,MP-214,MP-221,MP-215,MP-297,MP-216
zone-365,MP-214,MP-314,MP-221,MP-215,MP-220
zone-366,MP-314,MP-214,MP-43,MP-220,MP-44
zone-367,MP-314,MP-43,MP-214,MP-44,MP-218
zone-368,MP-43,MP-218,MP-314,MP-42,MP-39
zone-369,MP-42,MP-43,MP-218,MP-39,MP-40
zone-370,MP-42,MP-41,MP-40,MP-39,MP-43
zone-371,MP-41,MP-42,MP-40,MP-54,MP-39
zone-372,MP-308,MP-41,MP-54,MP-40,MP-42
zone-373,MP-308,MP-320,MP-321,MP-319,MP-87
zone-374,MP-320,MP-321,MP-319,MP-308,MP-318
zone-375,MP-81,MP-80,MP-82,MP-79,MP-78
zone-376,MP-163,MP-164,MP-165,MP-162,MP-309
zone-377,MP-164,MP-165,MP-163,MP-169,MP-309
zone-378,MP-169,MP-165,MP-164,MP-163,MP-168
zone-379,MP-169,MP-168,MP-287,MP-165,MP-164
zone-380,MP-287,MP-168,MP-169,MP-165,MP-167
zone-381,MP-287,MP-168,MP-186,MP-185,MP-169
zone-382,MP-287,MP-185,MP-186,MP-168,MP-184
zone-383,MP-184,MP-185,MP-183,MP-288,MP-182
zone-384,MP-184,MP-288,MP-183,MP-185,MP-182
zone-385,MP-288,MP-289,MP-316,MP-181,MP-184
zone-386,MP-289,MP-288,MP-316,MP-290,MP-292
zone-387,MP-290,MP-291,MP-293,MP-292,MP-289
zone-388,MP-293,MP-292,MP-290,MP-291,MP-289
zone-389,MP-293,MP-297,MP-292,MP-296,MP-298
zone-390,MP-297,MP-221,MP-296,MP-295,MP-298
zone-391,MP-221,MP-220,MP-214,MP-297,MP-314
zone-392,MP-314,MP-214,MP-220,MP-221,MP-215
zone-393,MP-314,MP-214,MP-220,MP-221,MP-218
zone-394,MP-314,MP-218,MP-214,MP-220,MP-43
zone-395,MP-218,MP-314,MP-42,MP-43,MP-219
zone-396,MP-218,MP-42,MP-43,MP-41,MP-40
zone-397,MP-42,MP-218,MP-41,MP-40,MP-39
zone-398,MP-89,MP-42,MP-88,MP-41,MP-218
zone-399,MP-89,MP-88,MP-308,MP-41,MP-42
zone-400,MP-89,MP-88,MP-308,MP-87,MP-41
zone-401,MP-308,MP-320,MP-87,MP-321,MP-88
zone-402,MP-82,MP-81,MP-80,MP-79,MP-83
zone-403,MP-82,MP-81,MP-80,MP-83,MP-79
zone-404,MP-82,MP-81,MP-80,MP-83,MP-79
zone-405,MP-309,MP-165,MP-169,MP-164,MP-317
zone-406,MP-169,MP-287,MP-165,MP-309,MP-168
zone-407,MP-287,MP-168,MP-169,MP-165,MP-309
zone-408,MP-287,MP-168,MP-159,MP-186,MP-185
zone-409,MP-287,MP-159,MP-185,MP-184,MP-186
zone-410,MP-184,MP-185,MP-288,MP-287,MP-183
zone-411,MP-184,MP-288,MP-289,MP-183,MP-316
zone-412,MP-291,MP-290,MP-283,MP-289,MP-293
zone-413,MP-291,MP-290,MP-293,MP-298,MP-299
zone-414,MP-298,MP-291,MP-299,MP-290,MP-283
zone-415,MP-221,MP-298,MP-297,MP-296,MP-220
zone-416,MP-221,MP-220,MP-298,MP-297,MP-214
zone-417,MP-220,MP-221,MP-314,MP-214,MP-297
zone-418,MP-220,MP-314,MP-221,MP-214,MP-219
zone-419,MP-220,MP-314,MP-219,MP-221,MP-214
zone-420,MP-314,MP-220,MP-219,MP-218,MP-214
zone-421,MP-218,MP-314,MP-42,MP-219,MP-220
zone-422,MP-218,MP-42,MP-314,MP-89,MP-43
zone-423,MP-218,MP-42,MP-89,MP-41,MP-88
zone-424,MP-89,MP-42,MP-88,MP-218,MP-41
zone-425,MP-89,MP-88,MP-42,MP-308,MP-87
zone-426,MP-88,MP-89,MP-87,MP-86,MP-308
zone-427,MP-87,MP-88,MP-89,MP-86,MP-308
zone-428,MP-86,MP-80,MP-87,MP-79,MP-81
zone-429,MP-80,MP-81,MP-82,MP-83,MP-79
zone-430,MP-80,MP-81,MP-82,MP-83,MP-79
zone-431,MP-162,MP-317,MP-309,MP-163,MP-161
zone-432,MP-309,MP-317,MP-162,MP-157,MP-156
zone-433,MP-309,MP-317,MP-162,MP-157,MP-158
zone-434,MP-158,MP-287,MP-309,MP-159,MP-317
zone-435,MP-287,MP-158,MP-159,MP-309,MP-317
zone-436,MP-287,MP-159,MP-160,MP-158,MP-168
zone-437,MP-159,MP-287,MP-160,MP-158,MP-185
zone-438,MP-159,MP-287,MP-184,MP-288,MP-160
zone-439,MP-283,MP-288,MP-289,MP-159,MP-184
zone-440,MP-283,MP-284,MP-290,MP-291,MP-289
zone-441,MP-283,MP-284,MP-291,MP-290,MP-289
zone-442,MP-283,MP-291,MP-284,MP-290,MP-299
zone-443,MP-291,MP-299,MP-298,MP-283,MP-290
zone-444,MP-298,MP-299,MP-291,MP-284,MP-283
zone-445,MP-220,MP-221,MP-298,MP-219,MP-236
zone-446,MP-220,MP-219,MP-314,MP-221,MP-236
zone-447,MP-219,MP-220,MP-314,MP-236,MP-218
zone-448,MP-219,MP-218,MP-220,MP-314,MP-236
zone-449,MP-218,MP-219,MP-314,MP-220,MP-42
zone-450,MP-89,MP-218,MP-42,MP-88,MP-41
zone-451,MP-89,MP-88,MP-218,MP-42,MP-219
zone-452,MP-87,MP-88,MP-86,MP-89,MP-308
zone-453,MP-80,MP-86,MP-81,MP-87,MP-85
zone-454,MP-80,MP-81,MP-85,MP-83,MP-82
zone-455,MP-80,MP-81,MP-82,MP-83,MP-85
zone-456,MP-81,MP-82,MP-80,MP-83,MP-85
zone-457,MP-317,MP-162,MP-309,MP-161,MP-156
zone-458,MP-317,MP-309,MP-162,MP-156,MP-157
zone-459,MP-309,MP-317,MP-162,MP-158,MP-157
zone-460,MP-158,MP-309,MP-317,MP-157,MP-287
zone-461,MP-159,MP-158,MP-287,MP-160,MP-309
zone-462,MP-159,MP-287,MP-160,MP-158,MP-309
zone-463,MP-159,MP-160,MP-287,MP-158,MP-153
zone-464,MP-159,MP-160,MP-287,MP-283,MP-281
zone-465,MP-283,MP-159,MP-284,MP-160,MP-290
zone-466,MP-283,MP-284,MP-290,MP-291,MP-289
zone-467,MP-284,MP-283,MP-291,MP-299,MP-290
zone-468,MP-284,MP-299,MP-283,MP-291,MP-290
zone-469,MP-299,MP-284,MP-291,MP-298,MP-283
zone-470,MP-298,MP-299,MP-302,MP-291,MP-284
zone-471,MP-298,MP-299,MP-302,MP-284,MP-291
zone-472,MP-220,MP-236,MP-298,MP-219,MP-221
zone-473,MP-219,MP-220,MP-236,MP-235,MP-314
zone-474,MP-219,MP-236,MP-220,MP-314,MP-235
zone-475,MP-219,MP-220,MP-218,MP-236,MP-314
zone-476,MP-219,MP-218,MP-220,MP-314,MP-236
zone-477,MP-219,MP-218,MP-236,MP-89,MP-220
zone-478,MP-89,MP-88,MP-218,MP-42,MP-219
zone-479,MP-88,MP-89,MP-87,MP-86,MP-308
zone-480,MP-86,MP-87,MP-88,MP-85,MP-222
zone-481,MP-86,MP-87,MP-85,MP-222,MP-223
zone-482,MP-85,MP-80,MP-83,MP-81,MP-86
zone-483,MP-80,MP-85,MP-83,MP-81,MP-82
zone-484,MP-83,MP-81,MP-82,MP-80,MP-85
zone-485,MP-82,MP-81,MP-83,MP-80,MP-84
zone-486,MP-82,MP-81,MP-83,MP-80,MP-84
zone-487,MP-82,MP-81,MP-83,MP-80,MP-84
zone-488,MP-156,MP-157,MP-161,MP-155,MP-317
zone-489,MP-158,MP-157,MP-156,MP-159,MP-309
zone-490,MP-158,MP-159,MP-160,MP-157,MP-156
zone-491,MP-159,MP-160,MP-158,MP-287,MP-157
zone-492,MP-160,MP-159,MP-158,MP-153,MP-287
zone-493,MP-160,MP-159,MP-281,MP-153,MP-158
zone-494,MP-160,MP-281,MP-159,MP-286,MP-284
zone-495,MP-286,MP-284,MP-281,MP-283,MP-285
zone-496,MP-284,MP-286,MP-285,MP-283,MP-299
zone-497,MP-284,MP-285,MP-299,MP-286,MP-302
zone-498,MP-302,MP-299,MP-285,MP-284,MP-298
zone-499,MP-302,MP-299,MP-285,MP-298,MP-284
zone-500,MP-302,MP-298,MP-299,MP-235,MP-301
zone-501,MP-235,MP-236,MP-302,MP-298,MP-275
zone-502,MP-236,MP-235,MP-219,MP-220,MP-275
zone-503,MP-236,MP-235,MP-219,MP-220,MP-275
zone-504,MP-219,MP-236,MP-235,MP-220,MP-275
zone-505,MP-219,MP-236,MP-220,MP-235,MP-218
zone-506,MP-219,MP-218,MP-89,MP-236,MP-88
zone-507,MP-219,MP-218,MP-89,MP-88,MP-42
zone-508,MP-86,MP-223,MP-222,MP-85,MP-87
zone-509,MP-85,MP-222,MP-86,MP-223,MP-87
zone-510,MP-85,MP-222,MP-86,MP-84,MP-223
zone-511,MP-83,MP-84,MP-85,MP-82,MP-81
zone-512,MP-83,MP-84,MP-82,MP-81,MP-85
zone-513,MP-157,MP-156,MP-155,MP-158,MP-161
zone-514,MP-158,MP-157,MP-156,MP-155,MP-159
zone-515,MP-160,MP-159,MP-158,MP-152,MP-153
zone-516,MP-160,MP-159,MP-153,MP-152,MP-281
zone-517,MP-160,MP-281,MP-153,MP-159,MP-152
zone-518,MP-281,MP-286,MP-160,MP-153,MP-282
zone-519,MP-286,MP-281,MP-285,MP-284,MP-282
zone-520,MP-286,MP-285,MP-281,MP-284,MP-302
zone-521,MP-285,MP-286,MP-302,MP-284,MP-299
zone-522,MP-285,MP-302,MP-301,MP-284,MP-299
zone-523,MP-302,MP-301,MP-285,MP-274,MP-299
zone-524,MP-302,MP-301,MP-235,MP-275,MP-285
zone-525,MP-235,MP-236,MP-275,MP-302,MP-301
zone-526,MP-235,MP-236,MP-275,MP-276,MP-301
zone-527,MP-236,MP-235,MP-275,MP-219,MP-276
zone-528,MP-236,MP-235,MP-219,MP-275,MP-276
zone-529,MP-236,MP-219,MP-235,MP-234,MP-276
zone-530,MP-219,MP-236,MP-235,MP-234,MP-276
zone-531,MP-219,MP-236,MP-218,MP-231,MP-230
zone-532,MP-227,MP-226,MP-88,MP-228,MP-89
zone-533,MP-223,MP-222,MP-85,MP-224,MP-84
zone-534,MP-222,MP-85,MP-84,MP-223,MP-83
zone-535,MP-83,MP-84,MP-98,MP-82,MP-81
zone-536,MP-90,MP-98,MP-91,MP-83,MP-84
zone-537,MP-155,MP-156,MP-157,MP-161,MP-158
zone-538,MP-152,MP-160,MP-153,MP-151,MP-158
zone-539,MP-160,MP-153,MP-152,MP-159,MP-281
zone-540,MP-153,MP-281,MP-160,MP-152,MP-282
zone-541,MP-281,MP-153,MP-286,MP-282,MP-160
zone-542,MP-281,MP-286,MP-282,MP-153,MP-285
zone-543,MP-286,MP-281,MP-285,MP-282,MP-302
zone-544,MP-285,MP-286,MP-302,MP-281,MP-301
zone-545,MP-285,MP-302,MP-301,MP-286,MP-273
zone-546,MP-301,MP-302,MP-285,MP-274,MP-273
zone-547,MP-301,MP-274,MP-275,MP-302,MP-235
zone-548,MP-275,MP-235,MP-301,MP-274,MP-276
zone-549,MP-235,MP-275,MP-236,MP-276,MP-301
zone-550,MP-235,MP-236,MP-275,MP-276,MP-234
zone-551,MP-236,MP-235,MP-276,MP-275,MP-234
zone-552,MP-236,MP-219,MP-234,MP-235,MP-276
zone-553,MP-236,MP-219,MP-234,MP-232,MP-235
zone-554,MP-219,MP-231,MP-230,MP-229,MP-232
zone-555,MP-223,MP-224,MP-222,MP-225,MP-85
zone-556,MP-223,MP-224,MP-222,MP-329,MP-225
zone-557,MP-329,MP-223,MP-222,MP-84,MP-85
zone-558,MP-329,MP-222,MP-84,MP-223,MP-98
zone-559,MP-98,MP-329,MP-84,MP-90,MP-222
zone-560,MP-90,MP-98,MP-91,MP-84,MP-92
zone-561,MP-151,MP-152,MP-153,MP-160,MP-158
zone-562,MP-153,MP-152,MP-160,MP-281,MP-151
zone-563,MP-153,MP-281,MP-152,MP-282,MP-160
zone-564,MP-281,MP-153,MP-282,MP-286,MP-280
zone-565,MP-281,MP-282,MP-286,MP-280,MP-153
zone-566,MP-286,MP-282,MP-281,MP-280,MP-285
zone-567,MP-286,MP-285,MP-273,MP-282,MP-281
zone-568,MP-273,MP-301,MP-285,MP-274,MP-302
zone-569,MP-301,MP-274,MP-273,MP-302,MP-285
zone-570,MP-274,MP-301,MP-275,MP-273,MP-302
zone-571,MP-275,MP-274,MP-276,MP-235,MP-301
zone-572,MP-275,MP-235,MP-276,MP-236,MP-274
zone-573,MP-234,MP-276,MP-235,MP-236,MP-275
zone-574,MP-226,MP-227,MP-225,MP-228,MP-224
zone-575,MP-224,MP-225,MP-223,MP-226,MP-227
zone-576,MP-223,MP-224,MP-225,MP-329,MP-222
zone-577,MP-329,MP-223,MP-222,MP-224,MP-98
zone-578,MP-329,MP-98,MP-84,MP-222,MP-223
zone-579,MP-98,MP-329,MP-84,MP-90,MP-222
zone-580,MP-98,MP-90,MP-329,MP-91,MP-84
zone-581,MP-152,MP-153,MP-151,MP-154,MP-160
zone-582,MP-153,MP-152,MP-154,MP-151,MP-282
zone-583,MP-153,MP-152,MP-281,MP-282,MP-154
zone-584,MP-282,MP-281,MP-280,MP-153,MP-154
zone-585,MP-282,MP-280,MP-281,MP-286,MP-145
zone-586,MP-282,MP-280,MP-286,MP-281,MP-145
zone-587,MP-273,MP-280,MP-282,MP-286,MP-272
zone-588,MP-273,MP-272,MP-274,MP-301,MP-285
zone-589,MP-273,MP-274,MP-272,MP-301,MP-285
zone-590,MP-274,MP-301,MP-273,MP-275,MP-272
zone-591,MP-276,MP-277,MP-234,MP-275,MP-278
zone-592,MP-229,MP-230,MP-228,MP-231,MP-227
zone-593,MP-228,MP-229,MP-227,MP-230,MP-226
zone-594,MP-227,MP-226,MP-225,MP-228,MP-224
zone-595,MP-226,MP-227,MP-225,MP-224,MP-228
zone-596,MP-225,MP-224,MP-226,MP-223,MP-227
zone-597,MP-224,MP-225,MP-223,MP-329,MP-330
zone-598,MP-329,MP-330,MP-224,MP-223,MP-225
zone-599,MP-329,MP-98,MP-330,MP-97,MP-223
zone-600,MP-98,MP-329,MP-97,MP-90,MP-330
zone-601,MP-98,MP-90,MP-91,MP-97,MP-92
zone-602,MP-91,MP-90,MP-92,MP-97,MP-98
zone-603,MP-151,MP-152,MP-153,MP-154,MP-144
zone-604,MP-154,MP-152,MP-153,MP-144,MP-151
zone-605,MP-154,MP-153,MP-144,MP-282,MP-280
zone-606,MP-154,MP-280,MP-282,MP-144,MP-145
zone-607,MP-280,MP-282,MP-145,MP-154,MP-144
zone-608,MP-280,MP-145,MP-282,MP-273,MP-154
zone-609,MP-280,MP-145,MP-272,MP-273,MP-282
zone-610,MP-272,MP-273,MP-274,MP-271,MP-145
zone-611,MP-272,MP-273,MP-274,MP-271,MP-301
zone-612,MP-272,MP-274,MP-271,MP-276,MP-273
zone-613,MP-276,MP-277,MP-275,MP-278,MP-274
zone-614,MP-277,MP-278,MP-234,MP-276,MP-279
zone-615,MP-230,MP-229,MP-231,MP-228,MP-232
zone-616,MP-228,MP-229,MP-230,MP-241,MP-227
zone-617,MP-228,MP-227,MP-241,MP-229,MP-226
zone-618,MP-227,MP-226,MP-228,MP-241,MP-240
zone-619,MP-226,MP-227,MP-225,MP-224,MP-241
zone-620,MP-225,MP-226,MP-224,MP-331,MP-330
zone-621,MP-330,MP-331,MP-225,MP-237,MP-224
zone-622,MP-330,MP-331,MP-329,MP-224,MP-225
zone-623,MP-97,MP-96,MP-330,MP-98,MP-95
zone-624,MP-97,MP-91,MP-92,MP-90,MP-98
zone-625,MP-92,MP-91,MP-97,MP-90,MP-94
zone-626,MP-154,MP-144,MP-152,MP-151,MP-143
zone-627,MP-154,MP-144,MP-143,MP-152,MP-151
zone-628,MP-154,MP-144,MP-143,MP-280,MP-152
zone-629,MP-154,MP-144,MP-280,MP-145,MP-143
zone-630,MP-145,MP-280,MP-144,MP-154,MP-282
zone-631,MP-145,MP-280,MP-282,MP-144,MP-146
zone-632,MP-271,MP-270,MP-277,MP-272,MP-276
zone-633,MP-277,MP-278,MP-279,MP-276,MP-234
zone-634,MP-277,MP-278,MP-234,MP-279,MP-276
zone-635,MP-277,MP-278,MP-234,MP-279,MP-233
zone-636,MP-233,MP-232,MP-278,MP-234,MP-279
zone-637,MP-233,MP-232,MP-279,MP-278,MP-234
zone-638,MP-231,MP-232,MP-230,MP-263,MP-233
zone-639,MP-231,MP-230,MP-229,MP-232,MP-263
zone-640,MP-241,MP-229,MP-240,MP-228,MP-230
zone-641,MP-241,MP-240,MP-228,MP-227,MP-229
zone-642,MP-241,MP-240,MP-227,MP-228,MP-226
zone-643,MP-227,MP-226,MP-241,MP-240,MP-237
zone-644,MP-237,MP-331,MP-330,MP-242,MP-238
zone-645,MP-331,MP-330,MP-237,MP-242,MP-238
zone-646,MP-330,MP-331,MP-237,MP-242,MP-97
zone-647,MP-330,MP-97,MP-331,MP-96,MP-237
zone-648,MP-97,MP-330,MP-96,MP-95,MP-331
zone-649,MP-97,MP-96,MP-95,MP-94,MP-101
zone-650,MP-95,MP-94,MP-97,MP-92,MP-93
zone-651,MP-144,MP-154,MP-143,MP-147,MP-142
zone-652,MP-144,MP-154,MP-143,MP-147,MP-142
zone-653,MP-144,MP-154,MP-143,MP-145,MP-280
zone-654,MP-271,MP-270,MP-272,MP-138,MP-139
zone-655,MP-270,MP-271,MP-139,MP-269,MP-138
zone-656,MP-278,MP-277,MP-269,MP-279,MP-139
zone-657,MP-278,MP-277,MP-279,MP-269,MP-234
zone-658,MP-279,MP-278,MP-262,MP-277,MP-233
zone-659,MP-233,MP-279,MP-232,MP-278,MP-234
zone-660,MP-233,MP-263,MP-232,MP-279,MP-231
zone-661,MP-263,MP-232,MP-233,MP-231,MP-230
zone-662,MP-263,MP-230,MP-240,MP-231,MP-241
zone-663,MP-240,MP-241,MP-263,MP-229,MP-230
zone-664,MP-240,MP-241,MP-239,MP-228,MP-229
zone-665,MP-240,MP-241,MP-238,MP-239,MP-228
zone-666,MP-238,MP-237,MP-242,MP-240,MP-331
zone-667,MP-237,MP-238,MP-242,MP-331,MP-330
zone-668,MP-237,MP-331,MP-242,MP-330,MP-238
zone-669,MP-331,MP-242,MP-237,MP-330,MP-238
zone-670,MP-331,MP-330,MP-96,MP-242,MP-101
zone-671,MP-96,MP-101,MP-97,MP-95,MP-330
zone-672,MP-96,MP-95,MP-97,MP-101,MP-94
zone-673,MP-95,MP-94,MP-93,MP-96,MP-97
zone-674,MP-270,MP-271,MP-138,MP-139,MP-137
zone-675,MP-270,MP-139,MP-271,MP-269,MP-138
zone-676,MP-269,MP-139,MP-279,MP-270,MP-278
zone-677,MP-269,MP-139,MP-279,MP-262,MP-278
zone-678,MP-262,MP-279,MP-269,MP-278,MP-261
zone-679,MP-262,MP-279,MP-278,MP-269,MP-261
zone-680,MP-263,MP-260,MP-259,MP-233,MP-258
zone-681,MP-263,MP-240,MP-259,MP-258,MP-315
zone-682,MP-240,MP-263,MP-315,MP-241,MP-258
zone-683,MP-240,MP-239,MP-241,MP-238,MP-315
zone-684,MP-239,MP-238,MP-240,MP-241,MP-245
zone-685,MP-238,MP-240,MP-239,MP-237,MP-241
zone-686,MP-242,MP-237,MP-238,MP-331,MP-245
zone-687,MP-242,MP-237,MP-331,MP-238,MP-333
zone-688,MP-242,MP-237,MP-331,MP-333,MP-330
zone-689,MP-101,MP-332,MP-96,MP-333,MP-242
zone-690,MP-101,MP-96,MP-100,MP-332,MP-95
zone-691,MP-96,MP-101,MP-95,MP-94,MP-100
zone-692,MP-95,MP-94,MP-93,MP-96,MP-101
zone-693,MP-137,MP-138,MP-270,MP-271,MP-139
zone-694,MP-270,MP-138,MP-137,MP-139,MP-271
zone-695,MP-139,MP-269,MP-138,MP-270,MP-262
zone-696,MP-269,MP-139,MP-262,MP-279,MP-278
zone-697,MP-269,MP-262,MP-279,MP-139,MP-261
zone-698,MP-262,MP-261,MP-266,MP-269,MP-279
zone-699,MP-260,MP-259,MP-261,MP-263,MP-266
zone-700,MP-259,MP-258,MP-263,MP-315,MP-260
zone-701,MP-315,MP-258,MP-257,MP-259,MP-239
zone-702,MP-239,MP-240,MP-245,MP-238,MP-315
zone-703,MP-239,MP-238,MP-240,MP-245,MP-241
zone-704,MP-238,MP-245,MP-239,MP-244,MP-242
zone-705,MP-238,MP-245,MP-335,MP-242,MP-244
zone-706,MP-242,MP-335,MP-238,MP-237,MP-333
zone-707,MP-333,MP-242,MP-332,MP-335,MP-334
zone-708,MP-332,MP-333,MP-101,MP-100,MP-334
zone-709,MP-332,MP-100,MP-101,MP-333,MP-96
zone-710,MP-100,MP-101,MP-96,MP-332,MP-95
zone-711,MP-99,MP-100,MP-101,MP-95,MP-94
zone-712,MP-137,MP-138,MP-136,MP-131,MP-139
zone-713,MP-138,MP-137,MP-139,MP-270,MP-132
zone-714,MP-139,MP-138,MP-269,MP-132,MP-137
zone-715,MP-269,MP-265,MP-139,MP-132,MP-262
zone-716,MP-245,MP-239,MP-244,MP-243,MP-238
zone-717,MP-245,MP-244,MP-239,MP-243,MP-238
zone-718,MP-335,MP-245,MP-244,MP-238,MP-242
zone-719,MP-137,MP-138,MP-136,MP-131,MP-139
zone-720,MP-137,MP-131,MP-138,MP-132,MP-139
zone-721,MP-266,MP-261,MP-260,MP-259,MP-267
zone-722,MP-257,MP-256,MP-258,MP-259,MP-315
zone-723,MP-256,MP-257,MP-315,MP-258,MP-255
zone-724,MP-256,MP-255,MP-315,MP-257,MP-258
zone-725,MP-256,MP-255,MP-315,MP-239,MP-257
zone-726,MP-244,MP-245,MP-243,MP-239,MP-247
zone-727,MP-244,MP-243,MP-245,MP-247,MP-239
zone-728,MP-336,MP-335,MP-243,MP-247,MP-244
zone-729,MP-336,MP-335,MP-243,MP-247,MP-244
zone-730,MP-131,MP-137,MP-132,MP-138,MP-135
zone-731,MP-131,MP-132,MP-138,MP-137,MP-130
zone-732,MP-267,MP-255,MP-256,MP-268,MP-266
zone-733,MP-255,MP-256,MP-254,MP-253,MP-267
zone-734,MP-247,MP-243,MP-336,MP-246,MP-244
zone-735,MP-247,MP-336,MP-246,MP-243,MP-335
zone-736,MP-134,MP-135,MP-136,MP-140,MP-131
zone-737,MP-134,MP-135,MP-131,MP-136,MP-140
zone-738,MP-131,MP-132,MP-130,MP-135,MP-137
zone-739,MP-133,MP-132,MP-265,MP-123,MP-268
zone-740,MP-267,MP-268,MP-266,MP-255,MP-261
zone-741,MP-267,MP-268,MP-255,MP-254,MP-256
zone-742,MP-255,MP-254,MP-267,MP-268,MP-256
zone-743,MP-254,MP-255,MP-253,MP-252,MP-256
zone-744,MP-253,MP-252,MP-254,MP-255,MP-251
zone-745,MP-252,MP-253,MP-251,MP-254,MP-250
zone-746,MP-134,MP-135,MP-141,MP-140,MP-136
zone-747,MP-134,MP-135,MP-140,MP-141,MP-136
zone-748,MP-134,MP-135,MP-140,MP-136,MP-131
zone-749,MP-134,MP-135,MP-136,MP-140,MP-131
zone-750,MP-133,MP-123,MP-132,MP-130,MP-128
zone-751,MP-133,MP-123,MP-268,MP-132,MP-265
zone-752,MP-268,MP-267,MP-124,MP-133,MP-123
zone-753,MP-268,MP-267,MP-254,MP-124,MP-255
zone-754,MP-254,MP-268,MP-267,MP-255,MP-253
zone-755,MP-254,MP-253,MP-252,MP-255,MP-264
zone-756,MP-253,MP-252,MP-254,MP-251,MP-255
zone-757,MP-252,MP-253,MP-251,MP-250,MP-254
zone-758,MP-251,MP-250,MP-252,MP-249,MP-253
zone-759,MP-248,MP-249,MP-250,MP-246,MP-251
zone-760,MP-248,MP-249,MP-250,MP-246,MP-251
zone-761,MP-134,MP-135,MP-140,MP-136,MP-131
zone-762,MP-134,MP-135,MP-131,MP-140,MP-136
zone-763,MP-130,MP-129,MP-127,MP-128,MP-131
zone-764,MP-130,MP-129,MP-127,MP-128,MP-133
zone-765,MP-129,MP-130,MP-127,MP-128,MP-133
zone-766,MP-133,MP-123,MP-128,MP-129,MP-130
zone-767,MP-123,MP-133,MP-128,MP-124,MP-129
zone-768,MP-123,MP-133,MP-124,MP-268,MP-267
zone-769,MP-124,MP-268,MP-123,MP-267,MP-133
zone-770,MP-268,MP-124,MP-267,MP-254,MP-264
zone-771,MP-254,MP-264,MP-124,MP-268,MP-253
zone-772,MP-254,MP-253,MP-264,MP-252,MP-268
zone-773,MP-253,MP-252,MP-337,MP-264,MP-254
zone-774,MP-337,MP-252,MP-253,MP-251,MP-338
zone-775,MP-338,MP-337,MP-251,MP-250,MP-249
zone-776,MP-249,MP-248,MP-250,MP-339,MP-340
zone-777,MP-248,MP-340,MP-341,MP-249,MP-339
zone-778,MP-129,MP-130,MP-127,MP-128,MP-134
zone-779,MP-129,MP-130,MP-127,MP-128,MP-126
zone-780,MP-129,MP-127,MP-130,MP-128,MP-126
zone-781,MP-128,MP-127,MP-129,MP-130,MP-123
zone-782,MP-128,MP-123,MP-127,MP-129,MP-133
zone-783,MP-123,MP-133,MP-128,MP-125,MP-124
zone-784,MP-123,MP-124,MP-125,MP-121,MP-122
zone-785,MP-124,MP-123,MP-121,MP-122,MP-125
zone-786,MP-124,MP-264,MP-121,MP-324,MP-268
zone-787,MP-264,MP-124,MP-324,MP-121,MP-254
zone-788,MP-264,MP-324,MP-124,MP-254,MP-337
zone-789,MP-264,MP-337,MP-325,MP-338,MP-324
zone-790,MP-337,MP-338,MP-325,MP-264,MP-339
zone-791,MP-338,MP-337,MP-339,MP-340,MP-326
zone-792,MP-339,MP-340,MP-338,MP-341,MP-326
zone-793,MP-340,MP-339,MP-341,MP-342,MP-326
zone-794,MP-127,MP-129,MP-130,MP-126,MP-128
zone-795,MP-127,MP-129,MP-126,MP-130,MP-128
zone-796,MP-127,MP-129,MP-128,MP-126,MP-130
zone-797,MP-128,MP-127,MP-129,MP-126,MP-130
zone-798,MP-128,MP-127,MP-123,MP-126,MP-129
zone-799,MP-123,MP-128,MP-125,MP-127,MP-129
zone-800,MP-123,MP-124,MP-125,MP-121,MP-122
zone-801,MP-124,MP-123,MP-121,MP-122,MP-125
zone-802,MP-325,MP-337,MP-264,MP-324,MP-338
zone-803,MP-337,MP-325,MP-338,MP-264,MP-324
zone-804,MP-338,MP-337,MP-339,MP-326,MP-325
zone-805,MP-339,MP-340,MP-326,MP-341,MP-338
zone-806,MP-340,MP-339,MP-341,MP-326,MP-327
zone-807,MP-127,MP-126,MP-129,MP-130,MP-128
zone-808,MP-127,MP-126,MP-129,MP-128,MP-130
zone-809,MP-126,MP-127,MP-128,MP-129,MP-130
zone-810,MP-126,MP-127,MP-128,MP-129,MP-125
zone-811,MP-126,MP-128,MP-125,MP-127,MP-123
zone-812,MP-125,MP-122,MP-123,MP-120,MP-121
zone-813,MP-325,MP-337,MP-338,MP-326,MP-324
zone-814,MP-326,MP-338,MP-325,MP-337,MP-339
zone-815,MP-326,MP-327,MP-119,MP-340,MP-339
zone-816,MP-126,MP-127,MP-128,MP-125,MP-129
zone-817,MP-126,MP-127,MP-128,MP-125,MP-129
zone-818,MP-125,MP-126,MP-128,MP-127,MP-122
zone-819,MP-125,MP-122,MP-126,MP-123,MP-120
zone-820,MP-125,MP-122,MP-120,MP-121,MP-123
zone-821,MP-122,MP-120,MP-121,MP-125,MP-124
zone-822,MP-120,MP-122,MP-121,MP-125,MP-324
zone-823,MP-324,MP-120,MP-121,MP-122,MP-325
zone-824,MP-324,MP-325,MP-120,MP-264,MP-121
zone-825,MP-325,MP-324,MP-337,MP-338,MP-326
zone-826,MP-325,MP-326,MP-338,MP-337,MP-119
zone-827,MP-126,MP-127,MP-129,MP-128,MP-125
zone-828,MP-126,MP-127,MP-128,MP-129,MP-125
zone-829,MP-126,MP-125,MP-127,MP-128,MP-129
zone-830,MP-126,MP-125,MP-127,MP-128,MP-122
zone-831,MP-120,MP-122,MP-121,MP-324,MP-125
zone-832,MP-120,MP-122,MP-121,MP-324,MP-125
zone-833,MP-120,MP-122,MP-324,MP-121,MP-325
zone-834,MP-120,MP-324,MP-325,MP-122,MP-121
zone-835,MP-120,MP-324,MP-325,MP-122,MP-121
zone-836,MP-325,MP-324,MP-120,MP-122,MP-121
zone-837,MP-325,MP-324,MP-120,MP-119,MP-326
